motif_id	recommended_threshold
MA0001.3	5
MA0002.3	13
MA0003.5	6
MA0004.1	7
MA0005.3	5
MA0006.2	6
MA0007.4	0
MA0008.4	2
MA0009.2	4
MA0010.2	7
MA0011.2	6
MA0012.2	6
MA0013.1	7
MA0014.4	5
MA0015.2	5
MA0016.2	4
MA0017.3	0
MA0018.5	4
MA0019.2	5
MA0020.2	5
MA0021.1	5
MA0022.1	4
MA0023.1	5
MA0024.3	1
MA0025.3	5
MA0026.1	7
MA0027.3	5
MA0028.3	2
MA0029.2	5
MA0030.2	6
MA0031.2	5
MA0032.2	6
MA0033.2	6
MA0034.2	9
MA0035.5	6
MA0036.4	5
MA0037.5	5
MA0038.3	1
MA0039.5	6
MA0040.2	7
MA0041.3	7
MA0042.2	4
MA0043.4	3
MA0046.3	1
MA0047.4	5
MA0048.3	3
MA0049.1	7
MA0050.4	6
MA0051.2	6
MA0052.5	5
MA0053.1	5
MA0054.1	5
MA0056.3	4
MA0058.4	3
MA0059.2	6
MA0060.4	5
MA0062.4	9
MA0063.3	4
MA0064.1	6
MA0065.3	7
MA0066.2	5
MA0067.3	0
MA0068.2	4
MA0069.1	6
MA0070.2	6
MA0071.1	6
MA0072.2	4
MA0073.2	6
MA0074.1	4
MA0075.4	0
MA0076.3	9
MA0077.2	6
MA0078.3	6
MA0079.5	3
MA0080.7	2
MA0081.3	2
MA0082.2	7
MA0083.3	0
MA0084.2	6
MA0085.2	12
MA0086.3	3
MA0087.3	6
MA0088.3	0
MA0089.3	0
MA0090.4	3
MA0091.2	5
MA0092.2	7
MA0093.4	3
MA0094.3	7
MA0095.4	5
MA0096.1	7
MA0097.1	2
MA0098.4	9
MA0099.4	2
MA0100.4	5
MA0101.1	7
MA0102.5	4
MA0103.4	5
MA0104.5	4
MA0105.4	0
MA0106.3	0
MA0107.1	6
MA0108.3	7
MA0110.4	6
MA0111.1	7
MA0112.4	0
MA0113.4	0
MA0114.5	2
MA0115.1	1
MA0116.2	7
MA0117.3	3
MA0118.2	7
MA0119.1	6
MA0121.2	8
MA0122.4	5
MA0123.1	6
MA0124.3	3
MA0125.2	6
MA0126.2	5
MA0128.1	7
MA0129.1	4
MA0130.1	6
MA0131.3	3
MA0132.3	4
MA0135.2	5
MA0136.4	4
MA0137.4	2
MA0138.3	0
MA0139.2	3
MA0140.3	1
MA0141.4	0
MA0142.1	5
MA0143.5	6
MA0144.3	1
MA0145.2	6
MA0146.3	4
MA0147.4	3
MA0148.5	6
MA0149.1	0
MA0150.3	10
MA0151.1	6
MA0152.3	7
MA0153.2	0
MA0154.5	4
MA0155.1	7
MA0156.4	0
MA0157.4	5
MA0158.2	0
MA0159.1	6
MA0160.3	5
MA0161.3	7
MA0162.5	5
MA0163.1	6
MA0164.2	3
MA0165.1	7
MA0166.1	6
MA0167.1	6
MA0168.1	6
MA0169.1	6
MA0170.1	6
MA0171.1	6
MA0172.1	7
MA0173.1	7
MA0174.1	6
MA0175.1	6
MA0176.1	6
MA0177.1	6
MA0178.1	7
MA0179.1	6
MA0180.1	6
MA0181.1	6
MA0182.1	6
MA0183.1	6
MA0184.2	5
MA0185.2	5
MA0186.1	6
MA0187.1	6
MA0188.1	5
MA0189.2	6
MA0190.1	5
MA0191.1	6
MA0192.1	6
MA0193.1	5
MA0194.1	6
MA0195.2	6
MA0196.1	6
MA0197.3	6
MA0198.1	6
MA0199.1	7
MA0200.2	5
MA0201.1	7
MA0202.1	6
MA0203.1	6
MA0204.1	5
MA0205.3	8
MA0206.1	6
MA0207.1	6
MA0208.1	6
MA0209.1	6
MA0210.1	7
MA0211.1	6
MA0212.1	4
MA0213.1	6
MA0214.1	6
MA0215.1	6
MA0216.2	1
MA0217.1	7
MA0218.1	6
MA0219.1	6
MA0220.1	6
MA0221.1	6
MA0222.2	6
MA0224.1	6
MA0225.1	6
MA0226.1	6
MA0227.1	6
MA0228.1	6
MA0229.1	6
MA0230.1	7
MA0231.1	6
MA0232.1	6
MA0233.1	7
MA0234.1	5
MA0235.1	6
MA0236.1	5
MA0237.2	4
MA0238.1	6
MA0239.2	5
MA0240.1	6
MA0241.1	5
MA0242.1	7
MA0243.2	6
MA0244.1	6
MA0245.1	6
MA0246.1	7
MA0247.3	0
MA0248.1	6
MA0249.3	5
MA0250.1	6
MA0251.1	6
MA0252.2	5
MA0253.1	6
MA0254.1	6
MA0255.2	9
MA0256.1	6
MA0257.2	5
MA0258.2	5
MA0259.2	4
MA0260.1	6
MA0261.1	6
MA0262.1	1
MA0263.1	4
MA0264.2	2
MA0265.3	0
MA0266.2	4
MA0267.2	6
MA0268.2	8
MA0269.2	8
MA0270.2	5
MA0271.1	9
MA0272.2	1
MA0273.2	4
MA0274.1	8
MA0275.1	4
MA0276.1	6
MA0277.1	7
MA0278.2	4
MA0279.3	4
MA0280.2	3
MA0281.3	6
MA0282.2	6
MA0283.1	5
MA0284.3	3
MA0285.2	7
MA0286.2	1
MA0287.1	7
MA0288.1	6
MA0289.1	5
MA0290.1	NA
MA0291.1	6
MA0292.2	4
MA0293.2	5
MA0294.2	8
MA0295.2	5
MA0296.2	3
MA0297.1	1
MA0299.1	1
MA0300.2	5
MA0301.2	5
MA0302.2	6
MA0303.3	3
MA0304.1	13
MA0305.2	8
MA0306.2	8
MA0307.1	7
MA0308.2	2
MA0309.2	5
MA0310.2	6
MA0311.1	3
MA0312.3	1
MA0313.1	5
MA0314.3	4
MA0316.2	1
MA0317.2	7
MA0318.1	6
MA0319.2	6
MA0320.1	0
MA0321.1	3
MA0322.1	3
MA0323.1	0
MA0324.1	3
MA0325.2	4
MA0326.1	0
MA0327.1	0
MA0328.2	5
MA0329.2	4
MA0330.1	3
MA0331.1	2
MA0332.1	5
MA0333.2	3
MA0334.2	8
MA0336.2	5
MA0337.2	7
MA0338.2	7
MA0339.2	8
MA0340.1	3
MA0341.1	4
MA0342.1	4
MA0343.2	4
MA0344.1	5
MA0347.3	6
MA0348.2	7
MA0349.2	3
MA0350.2	2
MA0351.2	3
MA0352.3	3
MA0353.1	0
MA0354.2	7
MA0355.2	9
MA0356.1	7
MA0357.1	4
MA0358.2	4
MA0359.3	3
MA0360.2	6
MA0361.2	3
MA0362.2	5
MA0363.3	1
MA0364.1	6
MA0365.2	4
MA0366.1	7
MA0367.2	6
MA0368.1	4
MA0369.2	3
MA0370.1	6
MA0371.1	7
MA0372.2	6
MA0373.1	5
MA0374.2	3
MA0375.2	2
MA0376.2	5
MA0377.2	7
MA0378.2	4
MA0379.1	5
MA0380.2	4
MA0381.2	3
MA0382.3	2
MA0384.2	0
MA0385.2	9
MA0386.2	3
MA0387.1	5
MA0388.1	8
MA0389.2	6
MA0390.2	4
MA0391.1	6
MA0392.1	5
MA0393.1	4
MA0394.1	3
MA0395.2	3
MA0396.2	3
MA0397.2	3
MA0398.2	7
MA0399.1	5
MA0400.2	0
MA0401.1	5
MA0402.2	6
MA0403.3	9
MA0404.1	4
MA0405.1	5
MA0406.2	6
MA0407.1	0
MA0408.2	9
MA0409.1	6
MA0410.2	5
MA0411.2	3
MA0412.3	2
MA0413.2	2
MA0414.2	3
MA0415.2	1
MA0416.2	2
MA0417.1	7
MA0418.2	5
MA0419.1	2
MA0420.2	5
MA0421.1	0
MA0422.2	7
MA0423.2	6
MA0424.2	4
MA0425.2	6
MA0426.1	0
MA0428.2	7
MA0429.1	4
MA0430.2	6
MA0431.2	6
MA0432.1	8
MA0433.2	5
MA0434.2	4
MA0435.2	0
MA0436.2	5
MA0437.1	4
MA0438.2	5
MA0439.2	3
MA0440.1	3
MA0441.2	7
MA0442.3	6
MA0443.2	6
MA0444.1	6
MA0445.1	7
MA0446.1	7
MA0447.1	2
MA0448.1	6
MA0449.1	5
MA0450.1	6
MA0451.2	6
MA0452.3	0
MA0454.1	5
MA0456.1	6
MA0457.2	6
MA0458.2	7
MA0459.1	6
MA0460.1	5
MA0461.3	4
MA0462.3	3
MA0463.3	0
MA0464.3	0
MA0465.3	6
MA0466.4	0
MA0467.3	4
MA0468.1	0
MA0469.4	0
MA0470.3	0
MA0471.3	6
MA0472.2	1
MA0473.4	7
MA0474.4	9
MA0475.3	4
MA0476.2	0
MA0477.3	1
MA0478.2	10
MA0479.2	0
MA0480.3	6
MA0481.4	5
MA0482.3	5
MA0483.2	1
MA0484.3	2
MA0485.3	0
MA0486.2	0
MA0488.2	0
MA0489.3	2
MA0490.3	1
MA0491.3	1
MA0492.2	0
MA0493.3	4
MA0494.2	1
MA0495.4	4
MA0496.4	6
MA0497.2	4
MA0498.3	7
MA0499.3	6
MA0500.3	4
MA0501.2	8
MA0502.3	6
MA0504.2	4
MA0505.3	4
MA0506.3	2
MA0507.3	0
MA0508.4	3
MA0509.3	NA
MA0510.3	0
MA0511.2	0
MA0512.2	NA
MA0514.3	6
MA0515.1	5
MA0516.3	3
MA0517.2	3
MA0518.2	3
MA0519.2	1
MA0520.2	1
MA0521.3	4
MA0522.4	5
MA0523.2	3
MA0524.3	5
MA0525.2	2
MA0526.5	0
MA0527.2	0
MA0528.3	8
MA0529.3	0
MA0530.2	0
MA0531.2	4
MA0532.2	4
MA0533.1	2
MA0534.1	4
MA0535.1	3
MA0536.2	0
MA0537.1	3
MA0538.2	3
MA0541.2	3
MA0542.1	3
MA0543.2	3
MA0544.1	0
MA0545.2	2
MA0546.1	3
MA0547.2	3
MA0548.3	1
MA0549.2	3
MA0550.3	0
MA0551.2	0
MA0552.2	5
MA0554.2	4
MA0555.2	4
MA0556.2	4
MA0557.2	3
MA0558.2	5
MA0559.1	6
MA0560.2	3
MA0561.1	2
MA0562.1	3
MA0563.2	6
MA0564.2	5
MA0565.3	2
MA0566.2	1
MA0567.1	5
MA0568.2	9
MA0569.2	6
MA0570.3	8
MA0571.2	4
MA0573.2	3
MA0574.1	1
MA0575.2	4
MA0576.2	1
MA0577.4	6
MA0578.1	6
MA0579.2	5
MA0580.1	4
MA0581.2	6
MA0582.2	5
MA0584.2	5
MA0585.2	5
MA0586.3	1
MA0587.2	6
MA0588.2	4
MA0589.2	4
MA0590.1	1
MA0591.2	2
MA0592.4	9
MA0593.2	3
MA0594.3	5
MA0595.1	4
MA0596.1	4
MA0597.3	7
MA0598.4	8
MA0599.1	6
MA0600.3	1
MA0601.2	6
MA0602.2	5
MA0603.2	5
MA0604.1	7
MA0605.3	2
MA0606.3	6
MA0607.2	4
MA0608.1	1
MA0609.3	9
MA0610.2	2
MA0611.3	0
MA0612.3	4
MA0613.1	4
MA0614.1	5
MA0615.2	4
MA0616.3	4
MA0618.2	5
MA0619.2	1
MA0620.4	7
MA0621.2	0
MA0622.2	0
MA0623.2	0
MA0624.3	5
MA0625.3	10
MA0626.2	11
MA0627.3	6
MA0628.2	3
MA0629.2	5
MA0630.2	6
MA0631.2	4
MA0632.3	4
MA0633.3	1
MA0634.2	6
MA0635.2	6
MA0636.1	0
MA0638.2	6
MA0639.2	0
MA0640.3	8
MA0641.1	0
MA0642.3	5
MA0643.2	0
MA0644.3	4
MA0645.2	6
MA0646.2	3
MA0647.2	1
MA0648.2	5
MA0649.2	5
MA0650.4	6
MA0651.3	0
MA0652.2	0
MA0653.1	0
MA0654.2	4
MA0655.1	0
MA0656.2	0
MA0657.2	0
MA0658.2	3
MA0659.4	4
MA0660.1	0
MA0661.2	5
MA0662.2	6
MA0663.1	4
MA0664.2	4
MA0665.1	3
MA0666.3	3
MA0667.1	9
MA0668.3	7
MA0669.1	1
MA0670.2	NA
MA0671.2	7
MA0672.2	11
MA0673.2	10
MA0674.2	6
MA0675.2	6
MA0676.1	6
MA0677.2	2
MA0678.1	3
MA0679.3	3
MA0680.3	3
MA0681.3	4
MA0682.3	0
MA0683.2	0
MA0684.3	4
MA0685.2	3
MA0686.2	0
MA0687.2	4
MA0688.2	8
MA0689.1	3
MA0690.3	8
MA0691.1	0
MA0692.2	3
MA0693.4	5
MA0694.2	0
MA0695.3	5
MA0696.1	0
MA0697.3	8
MA0698.2	1
MA0699.2	6
MA0700.3	5
MA0701.3	1
MA0702.3	0
MA0703.3	0
MA0704.2	6
MA0705.2	3
MA0706.2	6
MA0707.3	6
MA0708.3	4
MA0709.2	5
MA0710.2	5
MA0711.2	5
MA0712.3	5
MA0713.1	5
MA0714.2	5
MA0715.1	2
MA0716.2	6
MA0717.2	6
MA0718.2	6
MA0719.2	5
MA0720.2	4
MA0721.2	6
MA0722.2	6
MA0723.3	6
MA0724.1	2
MA0725.2	5
MA0726.2	4
MA0727.2	1
MA0728.1	NA
MA0729.1	NA
MA0730.1	0
MA0731.1	0
MA0732.2	0
MA0733.2	5
MA0734.4	5
MA0735.2	NA
MA0736.1	0
MA0737.1	0
MA0738.2	7
MA0739.2	7
MA0740.2	4
MA0741.1	5
MA0742.2	2
MA0743.3	1
MA0744.3	5
MA0745.3	5
MA0746.3	2
MA0747.2	6
MA0748.3	5
MA0749.2	0
MA0750.4	4
MA0751.2	4
MA0752.2	0
MA0753.3	1
MA0754.3	2
MA0755.2	3
MA0756.3	0
MA0757.2	0
MA0758.1	0
MA0759.3	0
MA0760.2	7
MA0761.3	10
MA0762.2	10
MA0763.2	10
MA0764.4	5
MA0765.4	0
MA0766.3	0
MA0767.2	5
MA0768.3	6
MA0769.3	6
MA0770.1	0
MA0771.1	4
MA0772.2	0
MA0773.1	0
MA0774.1	11
MA0775.2	8
MA0776.1	0
MA0777.1	0
MA0778.2	0
MA0779.2	0
MA0780.1	0
MA0781.2	1
MA0782.3	2
MA0783.1	0
MA0784.3	0
MA0785.2	5
MA0786.2	6
MA0787.1	4
MA0788.1	5
MA0789.1	4
MA0790.2	5
MA0791.2	5
MA0792.1	6
MA0793.2	4
MA0794.1	0
MA0795.1	0
MA0796.1	2
MA0797.1	2
MA0798.3	4
MA0799.3	0
MA0800.2	7
MA0801.1	4
MA0802.2	8
MA0803.1	3
MA0804.2	0
MA0805.1	0
MA0806.1	6
MA0807.1	7
MA0808.1	6
MA0809.3	4
MA0810.2	5
MA0811.2	4
MA0812.2	3
MA0813.1	0
MA0814.3	5
MA0815.1	0
MA0816.1	5
MA0817.2	2
MA0818.2	5
MA0819.3	11
MA0820.2	7
MA0821.2	3
MA0822.1	0
MA0823.1	0
MA0825.2	2
MA0826.1	1
MA0827.1	5
MA0828.3	2
MA0829.3	13
MA0830.3	6
MA0831.3	4
MA0832.2	1
MA0833.3	1
MA0834.2	0
MA0835.3	2
MA0836.3	4
MA0837.3	0
MA0838.1	0
MA0839.2	1
MA0840.2	0
MA0841.2	3
MA0842.3	0
MA0843.2	0
MA0844.2	0
MA0845.1	6
MA0846.2	6
MA0847.4	4
MA0848.1	6
MA0849.1	3
MA0850.1	8
MA0851.2	6
MA0852.3	5
MA0853.2	3
MA0854.2	3
MA0855.1	0
MA0856.1	2
MA0857.1	NA
MA0858.1	NA
MA0859.2	5
MA0860.1	0
MA0862.1	3
MA0863.1	1
MA0864.3	1
MA0865.3	4
MA0866.1	0
MA0867.3	5
MA0868.3	6
MA0869.3	5
MA0870.1	0
MA0871.3	2
MA0872.1	0
MA0873.2	0
MA0874.2	4
MA0875.2	6
MA0876.2	6
MA0877.4	4
MA0878.3	1
MA0879.3	6
MA0880.2	6
MA0881.2	6
MA0882.2	6
MA0883.2	4
MA0884.2	0
MA0885.3	5
MA0886.2	5
MA0887.2	6
MA0888.2	6
MA0889.2	3
MA0890.2	5
MA0891.2	6
MA0892.2	6
MA0893.3	5
MA0894.2	3
MA0895.2	6
MA0896.2	5
MA0897.2	4
MA0898.2	5
MA0899.2	6
MA0900.3	3
MA0901.3	5
MA0902.3	4
MA0903.2	6
MA0904.3	6
MA0905.2	4
MA0906.2	0
MA0907.2	2
MA0908.2	3
MA0909.4	3
MA0910.3	3
MA0911.2	4
MA0912.2	0
MA0913.3	3
MA0914.2	6
MA0915.2	0
MA0916.1	4
MA0917.1	6
MA0918.2	4
MA0919.2	6
MA0920.2	4
MA0921.3	5
MA0922.1	0
MA0923.2	5
MA0924.1	2
MA0925.2	8
MA0926.1	2
MA0927.1	5
MA0928.2	0
MA0929.2	6
MA0930.3	5
MA0931.2	3
MA0932.1	5
MA0933.1	5
MA0934.1	5
MA0935.1	3
MA0936.1	7
MA0937.1	3
MA0938.3	0
MA0939.1	1
MA0940.1	7
MA0941.2	9
MA0942.2	0
MA0943.2	4
MA0944.2	7
MA0945.2	7
MA0946.1	3
MA0947.1	1
MA0948.2	6
MA0949.2	2
MA0950.1	6
MA0951.1	2
MA0952.1	3
MA0953.2	6
MA0954.3	2
MA0955.2	7
MA0956.2	8
MA0957.1	4
MA0958.1	2
MA0959.1	2
MA0960.1	0
MA0961.2	2
MA0962.2	1
MA0963.1	0
MA0964.3	5
MA0965.3	3
MA0966.2	8
MA0967.1	2
MA0968.3	4
MA0969.2	4
MA0970.2	5
MA0971.2	2
MA0972.1	2
MA0973.2	8
MA0974.3	6
MA0975.1	0
MA0976.3	3
MA0977.1	6
MA0978.1	0
MA0980.3	4
MA0981.2	6
MA0982.2	6
MA0983.2	6
MA0984.2	7
MA0986.1	3
MA0987.2	6
MA0988.2	7
MA0989.2	6
MA0990.2	6
MA0992.3	1
MA0993.2	5
MA0994.3	2
MA0995.3	3
MA0997.2	5
MA0998.2	5
MA1000.3	0
MA1001.4	3
MA1004.2	2
MA1005.3	2
MA1007.1	0
MA1008.2	1
MA1009.1	2
MA1010.2	9
MA1011.2	8
MA1012.1	3
MA1013.1	0
MA1014.1	2
MA1015.2	5
MA1016.2	5
MA1017.2	6
MA1018.2	0
MA1019.2	6
MA1020.1	1
MA1021.2	1
MA1022.2	6
MA1023.1	3
MA1024.2	2
MA1025.2	2
MA1026.3	1
MA1027.2	7
MA1028.1	2
MA1030.2	10
MA1031.2	6
MA1032.2	1
MA1033.1	7
MA1034.1	0
MA1035.1	0
MA1036.1	7
MA1037.2	6
MA1038.2	5
MA1039.1	7
MA1040.1	6
MA1041.1	8
MA1042.1	5
MA1043.2	2
MA1044.2	4
MA1045.2	3
MA1046.1	0
MA1047.3	0
MA1049.2	2
MA1050.1	6
MA1051.1	3
MA1053.1	1
MA1054.2	4
MA1055.3	3
MA1056.2	3
MA1057.2	3
MA1058.2	6
MA1059.3	2
MA1060.2	4
MA1061.2	9
MA1062.3	0
MA1063.2	7
MA1064.2	6
MA1065.3	0
MA1066.1	2
MA1067.1	6
MA1068.3	0
MA1069.3	2
MA1070.3	1
MA1071.2	6
MA1074.2	3
MA1075.1	9
MA1076.3	4
MA1077.2	5
MA1078.2	2
MA1079.3	3
MA1080.1	0
MA1081.3	2
MA1083.3	3
MA1084.1	3
MA1085.3	5
MA1086.2	5
MA1087.3	2
MA1088.2	7
MA1089.2	6
MA1090.2	3
MA1091.1	0
MA1092.2	2
MA1093.2	0
MA1094.3	1
MA1095.1	6
MA1096.1	0
MA1097.1	0
MA1098.1	6
MA1099.3	7
MA1100.3	8
MA1101.3	1
MA1102.3	5
MA1103.3	5
MA1104.3	5
MA1105.3	7
MA1106.2	3
MA1107.3	6
MA1108.3	4
MA1109.2	8
MA1110.3	3
MA1111.2	4
MA1112.3	6
MA1113.3	5
MA1114.2	5
MA1115.2	6
MA1116.2	5
MA1117.2	8
MA1118.2	4
MA1119.2	4
MA1120.2	5
MA1121.2	5
MA1122.2	4
MA1123.3	7
MA1124.1	1
MA1125.2	3
MA1126.2	5
MA1127.1	2
MA1128.2	2
MA1129.1	3
MA1130.2	1
MA1131.2	2
MA1132.2	4
MA1133.2	3
MA1134.2	0
MA1135.2	0
MA1136.1	3
MA1137.2	4
MA1138.2	0
MA1139.2	1
MA1140.3	1
MA1141.2	0
MA1142.2	5
MA1143.2	6
MA1144.2	0
MA1145.2	2
MA1146.2	6
MA1147.2	3
MA1148.2	10
MA1149.2	6
MA1150.2	5
MA1151.2	6
MA1152.2	6
MA1153.2	4
MA1154.2	11
MA1155.1	10
MA1156.2	2
MA1157.2	1
MA1158.2	0
MA1159.2	2
MA1160.2	2
MA1161.1	1
MA1162.1	0
MA1163.3	2
MA1164.2	2
MA1165.3	5
MA1166.2	3
MA1167.2	2
MA1168.2	3
MA1169.1	2
MA1170.2	0
MA1171.2	4
MA1172.2	0
MA1173.2	6
MA1174.2	2
MA1175.2	5
MA1176.2	0
MA1177.2	4
MA1178.3	2
MA1179.2	3
MA1180.2	0
MA1181.2	2
MA1182.2	1
MA1183.2	0
MA1184.2	2
MA1185.2	1
MA1186.2	5
MA1187.2	0
MA1188.1	4
MA1189.2	4
MA1190.2	1
MA1191.2	2
MA1192.2	4
MA1193.2	6
MA1194.2	5
MA1195.2	3
MA1196.2	4
MA1197.2	1
MA1198.2	3
MA1199.1	2
MA1203.1	2
MA1204.1	0
MA1205.1	0
MA1206.2	9
MA1208.2	4
MA1209.2	1
MA1210.3	3
MA1211.2	1
MA1212.2	2
MA1213.3	1
MA1214.2	1
MA1215.2	1
MA1218.2	0
MA1219.3	4
MA1220.2	1
MA1221.1	0
MA1222.1	1
MA1223.2	1
MA1225.1	2
MA1226.2	3
MA1227.3	2
MA1228.2	0
MA1229.2	2
MA1230.2	1
MA1231.3	4
MA1232.2	2
MA1233.3	3
MA1234.2	2
MA1235.1	9
MA1238.3	1
MA1239.2	2
MA1240.2	2
MA1241.2	0
MA1242.1	1
MA1243.2	0
MA1244.2	1
MA1245.3	3
MA1246.2	2
MA1247.2	0
MA1248.2	2
MA1250.2	3
MA1251.2	0
MA1252.2	0
MA1253.2	3
MA1256.2	0
MA1257.2	2
MA1258.2	4
MA1259.2	0
MA1260.2	0
MA1261.2	5
MA1262.2	1
MA1263.2	2
MA1264.2	0
MA1265.3	2
MA1266.2	1
MA1267.2	7
MA1268.2	6
MA1269.2	5
MA1270.2	5
MA1272.3	2
MA1273.2	4
MA1274.1	5
MA1275.2	6
MA1276.2	5
MA1277.2	6
MA1278.2	7
MA1279.2	6
MA1280.2	6
MA1281.2	6
MA1282.2	1
MA1283.2	0
MA1284.2	3
MA1285.2	0
MA1286.2	2
MA1287.2	2
MA1288.2	0
MA1289.2	2
MA1290.1	3
MA1291.1	0
MA1292.2	0
MA1293.2	0
MA1294.2	5
MA1295.2	0
MA1296.2	7
MA1297.2	3
MA1298.2	2
MA1299.2	4
MA1300.2	0
MA1301.2	2
MA1302.2	1
MA1303.2	0
MA1304.2	5
MA1305.2	0
MA1306.2	1
MA1307.3	6
MA1308.2	0
MA1309.1	2
MA1310.2	4
MA1311.3	6
MA1312.2	6
MA1313.2	0
MA1314.2	2
MA1315.2	1
MA1316.2	1
MA1317.2	3
MA1318.2	0
MA1320.2	8
MA1321.2	3
MA1322.3	3
MA1323.2	4
MA1324.1	2
MA1325.2	2
MA1326.2	3
MA1327.3	0
MA1328.1	2
MA1329.3	2
MA1330.2	3
MA1331.2	0
MA1332.2	0
MA1333.2	0
MA1334.2	0
MA1335.1	0
MA1336.2	1
MA1337.2	1
MA1338.3	3
MA1339.1	4
MA1340.2	3
MA1341.2	0
MA1343.2	6
MA1344.2	4
MA1345.2	0
MA1346.2	0
MA1348.1	0
MA1349.2	0
MA1350.1	1
MA1351.3	6
MA1352.1	0
MA1353.2	2
MA1354.1	0
MA1355.2	0
MA1356.1	0
MA1357.2	4
MA1358.2	6
MA1359.3	2
MA1360.3	0
MA1361.2	8
MA1362.2	5
MA1363.1	4
MA1364.2	5
MA1365.3	3
MA1366.2	4
MA1368.3	2
MA1369.2	2
MA1370.2	2
MA1371.2	0
MA1372.2	6
MA1373.1	2
MA1374.2	0
MA1375.2	2
MA1376.2	6
MA1377.2	3
MA1378.2	5
MA1379.1	0
MA1380.1	0
MA1381.2	5
MA1382.2	0
MA1383.2	5
MA1384.1	1
MA1385.2	4
MA1386.3	5
MA1387.2	4
MA1388.2	3
MA1389.2	2
MA1390.3	5
MA1391.3	2
MA1392.3	0
MA1393.3	6
MA1394.3	2
MA1396.2	4
MA1397.2	5
MA1398.3	4
MA1400.2	2
MA1401.2	0
MA1402.1	0
MA1403.1	8
MA1404.1	0
MA1405.2	2
MA1406.2	3
MA1407.2	2
MA1408.2	5
MA1409.2	2
MA1410.2	5
MA1411.2	2
MA1412.2	1
MA1414.2	4
MA1415.2	2
MA1416.1	14
MA1417.2	0
MA1418.2	0
MA1419.2	0
MA1420.1	2
MA1421.1	3
MA1424.2	0
MA1425.2	8
MA1427.3	5
MA1428.2	7
MA1430.2	2
MA1431.2	7
MA1432.2	7
MA1433.2	7
MA1434.1	6
MA1435.2	1
MA1436.2	2
MA1437.2	1
MA1438.2	7
MA1439.2	6
MA1440.1	8
MA1441.2	7
MA1442.1	5
MA1443.2	2
MA1444.2	3
MA1445.1	0
MA1446.2	5
MA1448.1	7
MA1449.2	7
MA1450.2	2
MA1451.1	1
MA1455.2	2
MA1456.2	0
MA1457.2	3
MA1458.2	5
MA1459.2	1
MA1460.2	6
MA1461.2	0
MA1462.2	6
MA1463.2	0
MA1464.2	4
MA1466.2	0
MA1467.3	5
MA1468.1	10
MA1470.2	0
MA1471.2	6
MA1472.3	4
MA1473.2	0
MA1474.2	5
MA1475.2	4
MA1476.3	5
MA1478.2	8
MA1479.2	5
MA1480.2	4
MA1481.2	5
MA1483.3	8
MA1484.2	1
MA1485.1	0
MA1487.3	4
MA1489.1	0
MA1491.3	0
MA1493.1	2
MA1494.2	NA
MA1495.2	6
MA1496.2	6
MA1497.2	6
MA1498.3	6
MA1499.2	4
MA1500.2	5
MA1501.2	5
MA1502.2	3
MA1503.2	0
MA1504.2	6
MA1505.2	6
MA1506.2	0
MA1507.2	5
MA1508.2	7
MA1509.1	0
MA1511.2	3
MA1512.2	3
MA1513.2	0
MA1514.2	2
MA1515.2	6
MA1516.2	2
MA1517.2	6
MA1518.3	3
MA1519.2	3
MA1520.2	3
MA1521.2	4
MA1522.2	0
MA1523.2	5
MA1524.3	3
MA1525.3	5
MA1527.2	0
MA1528.2	0
MA1529.2	0
MA1530.2	6
MA1531.2	0
MA1532.2	0
MA1533.2	4
MA1534.2	4
MA1535.2	6
MA1536.2	8
MA1537.2	2
MA1538.1	0
MA1539.1	0
MA1540.3	6
MA1541.2	2
MA1542.2	4
MA1544.2	0
MA1545.2	0
MA1546.2	1
MA1547.2	3
MA1548.2	2
MA1549.2	5
MA1550.2	5
MA1552.2	0
MA1553.2	1
MA1554.2	6
MA1555.1	0
MA1556.1	0
MA1557.1	1
MA1558.2	7
MA1559.2	4
MA1560.2	4
MA1561.2	3
MA1562.2	4
MA1563.2	7
MA1564.2	5
MA1565.2	4
MA1566.3	0
MA1567.3	6
MA1568.2	7
MA1569.2	0
MA1570.1	10
MA1571.1	4
MA1572.1	6
MA1573.2	0
MA1574.2	2
MA1575.2	0
MA1576.2	2
MA1577.2	0
MA1578.2	3
MA1579.2	7
MA1580.1	0
MA1581.2	6
MA1583.2	3
MA1584.2	0
MA1585.2	3
MA1587.1	2
MA1588.1	0
MA1589.3	8
MA1592.2	0
MA1593.2	3
MA1594.1	0
MA1596.1	0
MA1597.1	0
MA1599.2	3
MA1600.2	0
MA1601.2	8
MA1602.2	2
MA1603.2	4
MA1604.2	5
MA1606.2	5
MA1607.2	6
MA1608.2	6
MA1615.2	5
MA1616.2	8
MA1618.2	5
MA1619.2	5
MA1620.2	7
MA1623.2	7
MA1624.2	4
MA1625.2	6
MA1627.2	5
MA1628.2	4
MA1629.2	7
MA1630.3	3
MA1631.2	6
MA1632.2	2
MA1633.2	0
MA1634.2	3
MA1635.2	2
MA1636.2	4
MA1637.2	5
MA1638.2	5
MA1639.2	5
MA1640.2	5
MA1641.2	3
MA1642.2	8
MA1643.2	0
MA1644.2	7
MA1645.2	7
MA1646.2	7
MA1647.3	2
MA1648.2	8
MA1649.2	7
MA1650.2	4
MA1651.2	2
MA1652.2	4
MA1653.2	6
MA1654.2	0
MA1655.2	6
MA1656.2	5
MA1657.2	4
MA1659.2	5
MA1660.2	0
MA1661.2	5
MA1662.2	4
MA1663.3	4
MA1664.3	4
MA1665.3	1
MA1666.3	2
MA1667.3	3
MA1669.2	2
MA1670.2	3
MA1671.2	2
MA1672.2	4
MA1673.2	6
MA1674.3	6
MA1675.2	2
MA1676.3	5
MA1677.2	4
MA1678.3	6
MA1679.2	4
MA1682.2	3
MA1683.2	5
MA1684.1	9
MA1685.2	4
MA1686.1	3
MA1687.1	0
MA1688.2	5
MA1689.2	4
MA1690.2	5
MA1691.2	11
MA1692.2	5
MA1693.2	6
MA1694.2	4
MA1695.2	4
MA1696.2	6
MA1697.2	3
MA1698.2	4
MA1699.2	0
MA1700.1	2
MA1701.2	2
MA1702.2	5
MA1703.2	4
MA1704.2	0
MA1706.2	7
MA1707.2	6
MA1708.2	7
MA1709.2	3
MA1710.2	4
MA1711.2	1
MA1712.2	4
MA1713.2	2
MA1714.2	2
MA1715.1	0
MA1716.2	0
MA1717.2	6
MA1718.1	0
MA1719.2	4
MA1720.2	2
MA1721.2	2
MA1722.2	1
MA1723.2	6
MA1724.2	4
MA1725.2	6
MA1726.2	6
MA1727.2	4
MA1728.2	6
MA1729.2	4
MA1730.2	4
MA1731.2	5
MA1732.1	2
MA1734.1	0
MA1735.2	4
MA1736.2	8
MA1737.2	4
MA1738.1	4
MA1739.2	6
MA1740.2	1
MA1741.1	1
MA1742.2	3
MA1743.2	1
MA1744.2	7
MA1745.2	3
MA1746.1	0
MA1747.2	0
MA1748.2	3
MA1749.1	4
MA1750.1	2
MA1751.2	4
MA1752.2	1
MA1753.2	2
MA1754.2	0
MA1755.2	4
MA1756.2	4
MA1757.2	1
MA1758.2	0
MA1759.2	1
MA1760.1	0
MA1761.2	3
MA1762.2	1
MA1764.2	3
MA1765.2	3
MA1766.2	5
MA1767.2	2
MA1768.2	2
MA1769.2	3
MA1770.2	4
MA1771.2	4
MA1772.2	5
MA1773.2	5
MA1774.2	1
MA1775.2	5
MA1776.3	3
MA1777.2	1
MA1778.2	3
MA1779.2	10
MA1780.2	8
MA1781.2	0
MA1783.1	0
MA1784.1	0
MA1785.2	4
MA1786.2	6
MA1787.2	6
MA1788.1	0
MA1789.1	1
MA1790.1	3
MA1791.1	0
MA1792.1	0
MA1793.2	6
MA1794.2	10
MA1795.2	6
MA1797.1	1
MA1799.2	7
MA1800.1	5
MA1801.2	7
MA1802.2	6
MA1803.2	1
MA1804.2	6
MA1805.2	5
MA1807.2	2
MA1808.3	7
MA1809.2	5
MA1810.2	3
MA1811.3	4
MA1812.2	5
MA1813.2	5
MA1814.2	5
MA1816.2	2
MA1817.2	2
MA1818.1	0
MA1819.2	1
MA1820.2	2
MA1821.2	0
MA1822.2	3
MA1823.2	8
MA1824.2	5
MA1825.2	4
MA1828.2	4
MA1829.2	5
MA1830.2	4
MA1831.2	2
MA1832.2	0
MA1833.2	3
MA1834.2	6
MA1835.2	3
MA1836.2	4
MA1837.2	5
MA1838.2	5
MA1839.2	7
MA1840.2	5
MA1841.2	5
MA1843.2	3
MA1844.2	6
MA1845.2	6
MA1846.2	11
MA1847.2	6
MA1848.2	7
MA1849.2	1
MA1850.2	4
MA1851.2	5
MA1852.2	6
MA1853.2	10
MA1854.2	6
MA1855.2	5
MA1856.2	9
MA1857.2	6
MA1858.2	1
MA1859.2	4
MA1860.2	6
MA1861.2	5
MA1862.2	6
MA1863.2	7
MA1864.2	8
MA1865.2	7
MA1866.2	6
MA1867.2	7
MA1868.2	7
MA1869.2	7
MA1870.2	7
MA1871.2	7
MA1872.2	8
MA1873.2	7
MA1874.2	6
MA1875.2	5
MA1876.1	6
MA1877.2	7
MA1878.2	5
MA1879.2	6
MA1880.2	8
MA1881.2	6
MA1882.2	5
MA1883.2	6
MA1884.2	6
MA1885.2	6
MA1886.2	6
MA1887.2	4
MA1888.2	2
MA1889.2	6
MA1890.1	4
MA1891.2	5
MA1892.2	6
MA1893.1	5
MA1894.2	8
MA1895.2	6
MA1896.2	6
MA1897.2	4
MA1898.2	6
MA1899.2	7
MA1900.2	6
MA1901.2	6
MA1902.2	5
MA1903.2	6
MA1904.2	6
MA1905.2	6
MA1906.2	6
MA1907.2	6
MA1908.2	5
MA1909.2	6
MA1910.2	6
MA1911.2	4
MA1912.2	5
MA1913.2	8
MA1914.2	8
MA1915.2	6
MA1916.2	6
MA1917.2	7
MA1918.2	6
MA1919.2	4
MA1920.2	4
MA1921.2	7
MA1922.2	8
MA1923.2	8
MA1924.2	6
MA1925.2	6
MA1926.2	7
MA1927.2	1
MA1928.2	3
MA1929.2	4
MA1930.2	1
MA1931.1	4
MA1932.2	6
MA1933.2	0
MA1934.2	0
MA1935.2	5
MA1936.2	2
MA1937.2	5
MA1938.2	0
MA1939.2	7
MA1940.2	4
MA1941.2	3
MA1942.2	4
MA1943.2	0
MA1944.2	6
MA1945.2	1
MA1946.2	13
MA1947.2	6
MA1948.2	5
MA1949.2	2
MA1950.2	5
MA1951.2	0
MA1952.2	5
MA1953.2	5
MA1954.2	2
MA1955.2	3
MA1956.2	2
MA1957.1	3
MA1958.2	0
MA1959.2	3
MA1960.2	4
MA1961.2	2
MA1962.1	0
MA1963.2	3
MA1964.2	6
MA1965.2	4
MA1966.2	3
MA1967.2	0
MA1968.2	2
MA1969.2	2
MA1970.2	6
MA1971.2	9
MA1972.1	5
MA1973.2	2
MA1974.2	2
MA1975.2	3
MA1976.3	7
MA1977.2	3
MA1978.2	7
MA1979.2	6
MA1980.1	2
MA1981.2	3
MA1982.2	2
MA1983.2	0
MA1984.2	12
MA1985.1	0
MA1986.2	4
MA1987.2	4
MA1988.2	3
MA1989.2	6
MA1990.2	5
MA1991.2	6
MA1992.2	7
MA1993.2	2
MA1994.2	3
MA1995.2	5
MA1996.2	5
MA1997.2	2
MA1998.2	8
MA1999.2	6
MA2001.2	5
MA2002.2	8
MA2003.2	5
MA2005.2	2
MA2006.2	0
MA2007.2	5
MA2008.2	9
MA2009.2	0
MA2010.2	6
MA2011.2	2
MA2013.2	1
MA2014.2	3
MA2015.2	3
MA2016.2	5
MA2017.2	4
MA2018.2	5
MA2019.2	3
MA2020.2	6
MA2021.2	4
MA2022.2	3
MA2023.2	1
MA2024.2	4
MA2025.2	4
MA2026.2	4
MA2027.2	3
MA2028.2	4
MA2029.2	3
MA2030.2	11
MA2031.2	3
MA2032.2	3
MA2033.2	0
MA2034.2	6
MA2035.2	0
MA2036.2	6
MA2037.2	5
MA2038.2	6
MA2039.2	2
MA2040.2	1
MA2041.2	2
MA2042.2	4
MA2043.2	6
MA2044.2	6
MA2045.2	0
MA2046.2	5
MA2047.2	3
MA2048.2	5
MA2049.2	6
MA2050.2	5
MA2051.2	6
MA2052.2	6
MA2053.2	4
MA2055.1	7
MA2056.1	5
MA2057.1	8
MA2058.1	7
MA2059.1	6
MA2060.1	4
MA2061.1	2
MA2062.1	6
MA2063.1	4
MA2064.1	2
MA2065.1	1
MA2066.1	5
MA2067.1	2
MA2068.1	2
MA2069.1	6
MA2070.1	5
MA2071.1	2
MA2072.1	6
MA2073.1	6
MA2074.1	0
MA2075.1	3
MA2076.1	4
MA2077.1	1
MA2078.1	4
MA2079.1	5
MA2080.1	6
MA2081.1	7
MA2082.1	7
MA2083.1	4
MA2084.1	6
MA2085.1	7
MA2086.1	8
MA2087.1	4
MA2088.1	1
MA2089.1	5
MA2090.1	7
MA2091.1	7
MA2092.1	9
MA2093.1	7
MA2094.1	0
MA2095.1	4
MA2096.1	4
MA2097.1	1
MA2098.1	4
MA2099.1	6
MA2100.1	NA
MA2101.1	4
MA2102.1	4
MA2103.1	7
MA2104.1	1
MA2105.1	0
MA2106.1	6
MA2107.1	2
MA2108.1	0
MA2109.1	7
MA2110.1	6
MA2111.1	0
MA2112.1	8
MA2113.1	4
MA2114.1	6
MA2115.1	6
MA2116.1	6
MA2117.1	6
MA2118.1	6
MA2119.1	6
MA2120.1	5
MA2121.1	6
MA2122.1	6
MA2123.1	6
MA2124.1	4
MA2125.1	6
MA2126.1	3
MA2127.1	5
MA2128.1	6
MA2129.1	6
MA2130.1	2
MA2131.1	0
MA2132.1	6
MA2133.1	4
MA2134.1	6
MA2135.1	3
MA2136.1	7
MA2137.1	6
MA2138.1	6
MA2139.1	0
MA2140.1	7
MA2141.1	2
MA2142.1	3
MA2143.1	7
MA2144.1	6
MA2145.1	5
MA2146.1	0
MA2147.1	6
MA2148.1	1
MA2149.1	2
MA2150.1	7
MA2151.1	6
MA2152.1	0
MA2153.1	5
MA2154.1	0
MA2155.1	2
MA2156.1	7
MA2157.1	5
MA2158.1	4
MA2159.1	5
MA2160.1	2
MA2161.1	4
MA2162.1	4
MA2163.1	6
MA2164.1	6
MA2165.1	5
MA2166.1	9
MA2167.1	6
MA2168.1	9
MA2169.1	4
MA2170.1	9
MA2171.1	3
MA2172.1	2
MA2173.1	6
MA2174.1	4
MA2175.1	5
MA2176.1	3
MA2177.1	4
MA2178.1	5
MA2179.1	6
MA2180.1	5
MA2181.1	3
MA2182.1	0
MA2183.1	3
MA2184.1	6
MA2185.1	5
MA2186.1	7
MA2187.1	6
MA2188.1	5
MA2189.1	1
MA2190.1	3
MA2191.1	5
MA2192.1	0
MA2193.1	1
MA2194.1	0
MA2195.1	4
MA2196.1	5
MA2197.1	0
MA2198.1	6
MA2199.1	3
MA2200.1	0
MA2201.1	0
MA2202.1	9
MA2203.1	2
MA2204.1	0
MA2205.1	1
MA2206.1	3
MA2207.1	2
MA2208.1	0
MA2209.1	0
MA2210.1	1
MA2211.1	5
MA2212.1	0
MA2213.1	0
MA2214.1	0
MA2215.1	1
MA2216.1	5
MA2217.1	3
MA2218.1	3
MA2219.1	1
MA2220.1	1
MA2221.1	1
MA2222.1	0
MA2223.1	3
MA2224.1	1
MA2225.1	4
MA2226.1	4
MA2227.1	1
MA2228.1	3
MA2229.1	1
MA2230.1	9
MA2231.1	0
MA2232.1	7
MA2233.1	0
MA2234.1	2
MA2235.1	7
MA2236.1	5
MA2237.1	3
MA2238.1	2
MA2239.1	0
MA2240.1	2
MA2241.1	0
MA2242.1	0
MA2243.1	6
MA2244.1	10
MA2245.1	4
MA2246.1	0
MA2247.1	3
MA2248.1	0
MA2249.1	3
MA2250.1	0
MA2251.1	0
MA2252.1	1
MA2253.1	6
MA2254.1	1
MA2255.1	1
MA2256.1	7
MA2257.1	1
MA2258.1	1
MA2259.1	7
MA2260.1	1
MA2261.1	8
MA2262.1	1
MA2263.1	1
MA2264.1	0
MA2265.1	5
MA2266.1	0
MA2267.1	1
MA2268.1	13
MA2269.1	8
MA2270.1	0
MA2271.1	0
MA2272.1	3
MA2273.1	8
MA2274.1	0
MA2275.1	2
MA2276.1	0
MA2277.1	2
MA2278.1	2
MA2279.1	6
MA2280.1	4
MA2281.1	0
MA2282.1	1
MA2283.1	3
MA2284.1	1
MA2285.1	3
MA2286.1	4
MA2287.1	3
MA2288.1	6
MA2289.1	0
MA2290.1	0
MA2291.1	1
MA2292.1	3
MA2293.1	6
MA2294.1	0
MA2295.1	5
MA2296.1	5
MA2297.1	6
MA2298.1	3
MA2299.1	5
MA2300.1	6
MA2301.1	9
MA2302.1	6
MA2303.1	7
MA2304.1	8
MA2305.1	6
MA2306.1	2
MA2307.1	3
MA2308.1	2
MA2309.1	2
MA2310.1	6
MA2311.1	11
MA2312.1	6
MA2313.1	1
MA2314.1	6
MA2315.1	3
MA2316.2	4
MA2317.1	1
MA2318.1	3
MA2319.1	5
MA2320.1	6
MA2321.1	2
MA2322.1	6
MA2323.1	3
MA2324.1	6
MA2325.1	3
MA2326.1	6
MA2327.1	5
MA2328.1	4
MA2329.1	4
MA2330.2	6
MA2331.1	0
MA2332.1	13
MA2333.1	5
MA2334.1	0
MA2335.1	0
MA2336.1	5
MA2337.1	3
MA2338.1	6
MA2339.1	5
MA2340.1	5
MA2341.1	8
MA2342.1	3
MA2343.1	8
MA2344.1	3
MA2345.1	6
MA2347.1	7
MA2348.1	0
MA2349.1	7
MA2350.1	2
MA2351.1	3
MA2353.1	0
MA2354.1	4
MA2355.1	9
MA2356.1	6
MA2357.1	5
MA2358.1	5
MA2359.1	3
MA2360.1	4
MA2361.1	4
MA2362.1	6
MA2364.1	6
MA2365.1	0
MA2366.1	5
MA2367.1	4
MA2368.1	6
MA2370.1	7
MA2371.1	4
MA2372.1	8
MA2373.1	NA
MA2374.1	6
MA2375.1	0
MA2376.1	4
MA2377.1	5
MA2378.1	5
MA2379.1	6
MA2380.1	6
MA2381.1	6
MA2382.1	7
MA2383.1	6
MA2384.1	5
MA2386.1	1
MA2387.1	0
MA2388.1	1
MA2389.1	7
MA2390.1	6
MA2391.1	3
MA2392.1	3
MA2393.1	0
MA2394.1	6
MA2395.1	3
MA2396.1	0
MA2397.1	6
MA2398.1	2
MA2399.1	0
MA2400.1	4
MA2401.1	7
MA2402.1	6
MA2403.1	6
MA2404.1	10
MA2405.1	8
MA2406.1	1
MA2407.1	5
MA2408.1	0
MA2409.1	3
MA2410.1	1
MA2411.1	4
MA2412.1	3
MA2413.1	3
MA2414.1	2
MA2415.1	2
MA2416.1	1
MA2417.1	2
MA2418.1	5
MA2419.1	4
MA2420.1	4
MA2421.1	4
MA2422.1	5
MA2423.1	0
MA2424.1	0
MA2425.1	2
MA2426.1	0
MA2427.1	0
MA2428.1	0
MA2429.1	0
MA2430.1	0
MA2431.1	0
MA2433.1	1
MA2434.1	1
MA2435.1	1
MA2436.1	0
MA2437.1	0
MA2438.1	1
MA2439.1	0
MA2440.1	0
MA2441.1	5
MA2442.1	1
MA2443.1	0
MA2444.1	0
MA2445.1	1
MA2446.1	0
MA2448.1	0
MA2449.1	1
MA2450.1	1
MA2451.1	0
MA2452.1	3
MA2453.1	2
MA2454.1	5
MA2455.1	0
MA2457.1	0
MA2458.1	0
MA2459.1	2
MA2460.1	0
MA2461.1	4
MA2462.1	4
MA2463.1	6
MA2464.1	0
MA2465.1	9
MA2466.1	0
MA2467.1	4
MA2468.1	0
MA2469.1	5
MA2470.1	5
MA2471.1	4
MA2472.1	0
MA2473.1	6
MA2474.1	2
MA2475.1	6
MA2476.1	6
MA2477.1	7
MA2478.1	6
MA2479.1	2
MA2480.1	1
MA2481.1	7
MA2482.1	6
MA2483.1	6
MA2484.1	3
MA2485.1	0
MA2486.1	2
MA2487.1	5
MA2488.1	5
MA2489.1	2
MA2490.1	0
MA2491.1	0
MA2492.1	7
MA2493.1	4
MA2494.1	0
MA2495.1	2
MA2496.1	3
MA2497.1	0
MA2498.1	6
MA2499.1	5
MA2500.1	6
MA2501.1	5
MA2502.1	7
MA2503.1	0
MA2504.1	7
MA2505.1	4
MA2506.1	6
MA2507.1	0
MA2508.1	5
MA2509.1	NA
MA2510.1	5
MA2511.1	4
MA2512.1	6
MA2513.1	0
MA2514.1	5
MA2515.1	0
MA2516.1	4
MA2517.1	2
MA2518.1	0
MA2519.1	0
MA2520.1	5
MA2521.1	NA
MA2522.1	3
MA2523.1	4
MA2524.1	1
MA2525.1	1
MA2526.1	4
MA2527.1	5
MA2528.1	1
MA2529.1	0
MA2530.1	4
MA2531.1	4
MA2532.1	0
MA2533.1	0
MA2534.1	3
MA2535.1	1
MA2536.1	5
MA2537.1	3
MA2538.1	0
MA2539.1	0
MA2540.1	3
MA2541.1	0
MA2542.1	5
MA2543.1	0
MA2544.1	0
MA2545.1	0
MA2546.1	0
MA2547.1	4
MA2548.1	3
MA2549.1	3
MA2550.1	0
MA2551.1	3
MA2552.1	5
MA2553.1	2
MA2554.1	4
MA2555.1	4
MA2556.1	3
MA2557.1	NA
MA2558.1	3
MA2559.1	1
MA2560.1	NA
MA2561.1	0
MA2562.1	0
MA2563.1	0
MA2564.1	3
MA2565.1	9
MA2566.1	3
MA2567.1	2
MA2568.1	5
MA2569.1	0
MA2570.1	5
MA2571.1	4
MA2572.1	8
MA2573.1	0
MA2574.1	2
MA2575.1	5
MA2576.1	6
MA2577.1	5
MA2578.1	3
MA2579.1	3
MA2580.1	NA
MA2581.1	2
MA2582.1	2
MA2583.1	0
MA2584.1	0
MA2585.1	5
MA2586.1	3
MA2587.1	2
MA2588.1	4
MA2589.1	3
MA2590.1	0
MA2591.1	0
MA2592.1	0
MA2593.1	0
MA2594.1	4
MA2595.1	5
MA2596.1	6
MA2597.1	4
MA2598.1	2
MA2599.1	6
MA2600.1	5
MA2601.1	2
MA2602.1	4
MA2603.1	4
MA2604.1	6
MA2605.1	10
MA2606.1	10
MA2607.1	5
MA2608.1	4
MA2609.1	5
MA2610.1	0
MA2611.1	0
MA2612.1	3
MA2613.1	1
MA2614.1	0
MA2615.1	0
MA2616.1	0
MA2617.1	0
MA2618.1	3
MA2619.1	2
MA2620.1	6
MA2621.1	5
MA2622.1	4
MA2623.1	6
MA2624.1	5
MA2625.1	6
MA2626.1	6
MA2627.1	5
MA2628.1	6
MA2629.1	0
MA2630.1	4
MA2631.1	6
MA2632.1	6
MA2633.1	6
MA2634.1	1
MA2635.1	3
MA2636.1	3
MA2637.1	4
MA2638.1	0
MA2639.1	5
MA2640.1	3
MA2641.1	5
MA2642.1	0
MA2643.1	2
MA2644.1	4
MA2645.1	0
MA2646.1	1
MA2647.1	5
MA2648.1	4
MA2649.1	6
MA2650.1	2
MA2651.1	4
MA2652.1	3
MA2653.1	4
MA2654.1	3
MA2655.1	5
MA2656.1	2
MA2657.1	2
MA2658.1	3
MA2659.1	0
MA2660.1	0
MA2661.1	6
MA2662.1	6
MA2663.1	2
MA2664.1	0
MA2665.1	5
MA2666.1	2
MA2667.1	2
MA2668.1	2
MA2669.1	3
MA2670.1	2
MA2671.1	2
MA2672.1	3
MA2673.1	2
MA2674.1	5
MA2675.1	0
MA2676.1	1
MA2677.1	2
MA2678.1	6
MA2679.1	0
MA2680.1	8
MA2681.1	6
MA2682.1	6
MA2683.1	8
MA2684.1	4
MA2685.1	5
MA2686.1	6
MA2687.1	0
MA2688.1	4
MA2689.1	6
MA2690.1	0
MA2691.1	5
MA2692.1	0
MA2693.1	6
MA2694.1	2
MA2695.1	7
MA2696.1	3
MA2697.1	5
MA2698.1	5
MA2699.1	5
MA2700.1	3
MA2701.1	6
MA2702.1	2
MA2703.1	3
MA2704.1	7
MA2705.1	7
MA2706.1	6
MA2707.1	3
MA2708.1	7
MA2709.1	2
MA2710.1	1
MA2711.1	0
MA2712.1	0
MA2713.1	4
MA2714.1	0
MA2715.1	0
MA2716.1	4
MA2717.1	5
MA2718.1	0
MA2719.1	0
MA2720.1	2
MA2721.1	1
MA2722.1	0
MA2723.1	3
MA2724.1	2
MA2725.1	4
MA2726.1	4
MA2727.1	3
MA2728.1	3
MA2729.1	2
MA2730.1	6
MA2731.1	2
MA2732.1	2
MA2733.1	1
MA2734.1	1
MA2735.1	2
MA2736.1	11
MA2737.1	5
MA2738.1	3
MA2739.1	3
MA2740.1	4
MA2741.1	2
MA2742.1	0
MA2743.1	3
MA2744.1	4
MA2745.1	4
MA2746.1	4
MA2747.1	2
MA2748.1	1
MA2749.1	5
MA2750.1	9
MA2751.1	3
MA2752.1	2
MA2753.1	4
MA2754.1	3
MA2755.1	4
MA2756.1	6
MA2757.1	5
MA2758.1	3
MA2759.1	0
MA2760.1	5
MA2761.1	3
MA2762.1	2
