motif_id	positive_threshold	factor_name	positive_threshold_source	selection_semantics
MA0024.3	1	E2F1	tp73_chr1_cutrun_context_roc_auc_v1	historical_threshold_complement
MA0079.5	3	SP1	tp73_chr1_cutrun_context_roc_auc_v1	historical_threshold_complement
MA0138.3	0	REST	tp73_chr1_cutrun_context_roc_auc_v1	historical_threshold_complement
MA0507.3	0	POU2F2	tp73_chr1_cutrun_context_roc_auc_v1	historical_threshold_complement
MA0740.2	4	KLF14	tp73_chr1_cutrun_context_roc_auc_v1	historical_threshold_complement
MA0769.3	6	TCF7	tp73_chr1_cutrun_context_roc_auc_v1	historical_threshold_complement
MA0790.2	5	POU4F1	tp73_chr1_cutrun_context_roc_auc_v1	historical_threshold_complement
MA0814.3	5	TFAP2C	tp73_chr1_cutrun_context_roc_auc_v1	historical_threshold_complement
MA1961.2	2	PATZ1	tp73_chr1_cutrun_context_roc_auc_v1	historical_threshold_complement
