motif_id	factor_name	positive_threshold	positive_threshold_source	selection_semantics
MA0024.3	E2F1	1	jaspar2026_grch38_chr1_tp73_context_v1	inclusive_chr1_tp73_context_threshold
MA0079.5	SP1	3	jaspar2026_grch38_chr1_tp73_context_v1	inclusive_chr1_tp73_context_threshold
MA0138.3	REST	0	jaspar2026_grch38_chr1_tp73_context_v1	inclusive_chr1_tp73_context_threshold
MA0507.3	POU2F2	0	jaspar2026_grch38_chr1_tp73_context_v1	inclusive_chr1_tp73_context_threshold
MA0740.2	KLF14	4	jaspar2026_grch38_chr1_tp73_context_v1	inclusive_chr1_tp73_context_threshold
MA0769.3	TCF7	6	jaspar2026_grch38_chr1_tp73_context_v1	inclusive_chr1_tp73_context_threshold
MA0790.2	POU4F1	5	jaspar2026_grch38_chr1_tp73_context_v1	inclusive_chr1_tp73_context_threshold
MA0814.3	TFAP2C	5	jaspar2026_grch38_chr1_tp73_context_v1	inclusive_chr1_tp73_context_threshold
MA1961.2	PATZ1	2	jaspar2026_grch38_chr1_tp73_context_v1	inclusive_chr1_tp73_context_threshold
